Rank;Player;Nationality;Position;Team;Born;Minutes played;Goals;Shots;Shots on target;Penalty goals;Penalty attempts
1;Carlos Vicente;ESP;MF;Alavés;1999;1260;5;12;6;3;3
2;Nahuel Tenaglia;ARG;DF;Alavés;1996;2520;1;16;4;0;0
3;Denis Suárez;ESP;MF;Alavés;1994;1062;1;6;3;0;0
4;Antonio Sivera;ESP;GK;Alavés;1996;2700;0;0;0;0;0
5;Abde Rebbach;ALG;MF;Alavés;1998;909;1;28;9;0;0
6;Lander Pinillos;ESP;MF;Alavés;2003;0;0;0;0;0;0
7;Ángel Pérez;ESP;MF;Alavés;2002;585;1;6;3;0;0
8;Victor Parada;ESP;DF;Alavés;2002;1503;0;8;2;0;0
9;Jon Pacheco;ESP;DF;Alavés;2001;1728;0;4;1;0;0
10;Diego Morcillo;ESP;FW;Alavés;2003;9;0;1;0;0;0
11;Toni Martínez;ESP;FW;Alavés;1997;2034;8;71;25;0;0
12;Mariano;DOM;FW;Alavés;1993;288;0;6;3;0;0
13;Aitor Manas;ESP;FW;Alavés;2003;72;0;1;1;0;0
14;Youssef Lekhedim;ESP;DF,MF;Alavés;2005;1197;0;10;2;0;0
15;Ville Koski;FIN;DF;Alavés;2002;9;0;0;0;0;0
16;Pablo Ibánez;ESP;MF;Alavés;1998;1818;1;43;12;0;0
17;Jon Guridi;ESP;MF,FW;Alavés;1995;738;0;10;3;0;0
18;Ander Guevara;ESP;MF;Alavés;1997;567;1;4;1;0;0
19;Facundo Garcés;MAS;DF;Alavés;1999;792;0;8;4;0;0
20;Moussa Diarra;MLI;DF;Alavés;2000;216;0;0;0;0;0
21;Ibrahim Diabaté;CIV;FW;Alavés;1999;117;0;3;1;0;0
22;Jonny Castro;ESP;DF;Alavés;1994;2547;0;7;2;0;0
23;Calebe;BRA;MF;Alavés;2000;720;0;5;1;0;0
24;Lucas Boyé;ARG;FW;Alavés;1996;1764;10;55;19;3;3
25;Antonio Blanco;ESP;MF;Alavés;2000;2403;1;29;11;0;0
26;Carlos Benavídez;URU;DF;Alavés;1998;243;0;3;2;0;0
27;Carlos Ballestero;ESP;DF;Alavés;2004;0;0;0;0;0;0
28;Carles Alená;ESP;MF;Alavés;1998;1854;0;26;5;0;0
29;Nico Williams;ESP;MF;Athletic Club;2002;1350;4;37;13;1;2
30;Inaki Williams;GHA;MF,FW;Athletic Club;1994;1584;2;46;15;1;1
31;Daniel Vivian;ESP;DF;Athletic Club;1999;2187;1;14;5;0;0
32;Mikel Vesga;ESP;MF;Athletic Club;1993;414;0;2;0;0;0
33;Unai Simón;ESP;GK;Athletic Club;1997;2700;0;0;0;0;0
34;Nicolás Serrano;ESP;MF;Athletic Club;2003;333;1;13;2;0;0
35;Maroan Sannadi;MAR;FW;Athletic Club;2001;279;1;8;4;0;0
36;Selton Sánchez;ESP;MF;Athletic Club;2007;198;0;4;1;0;0
37;Oihan Sancet;ESP;MF;Athletic Club;2000;1557;3;42;14;2;2
38;Alejandro Rego;ESP;MF;Athletic Club;2003;837;1;10;3;0;0
39;Benat Prados;ESP;MF;Athletic Club;2001;81;0;1;0;0;0
40;Aitor Paredes;ESP;DF;Athletic Club;2000;1449;1;12;3;0;0
41;Roberto Navarro;ESP;MF;Athletic Club;2002;900;5;14;7;0;0
42;Inigo Lekue;ESP;DF;Athletic Club;1993;522;0;3;1;0;0
43;Aymeric Laporte;ESP;DF;Athletic Club;1994;1575;0;13;4;0;0
44;Mikel Jauregizar;ESP;MF;Athletic Club;2003;2331;2;31;8;0;0
45;Urko Izeta;ESP;FW;Athletic Club;1999;171;0;8;4;0;0
46;Asier Hierro;ESP;FW;Athletic Club;2005;36;0;1;0;0;0
47;Gorka Guruzeta;ESP;FW;Athletic Club;1996;1728;6;60;23;1;1
48;Andoni Gorosabel;ESP;DF;Athletic Club;1996;819;0;5;1;0;0
49;Unai Gómez;ESP;MF,FW;Athletic Club;2003;630;1;14;3;0;0
50;Eder García;ESP;FW;Athletic Club;2004;36;0;1;0;0;0
51;Inigo Ruiz de Galarreta;ESP;MF;Athletic Club;1993;1755;1;17;2;0;0
52;Adama Boiro;ESP;DF;Athletic Club;2002;594;0;1;0;0;0
53;Álex Berenguer;ESP;MF;Athletic Club;1995;1845;2;39;19;0;0
54;Yuri Berchiche;ESP;DF;Athletic Club;1990;2205;0;17;4;0;0
55;Jesús Areso;ESP;DF;Athletic Club;1999;1422;0;3;0;0;0
56;Yeray Álvarez;ESP;DF;Athletic Club;1995;63;0;0;0;0;0
57;Obed Vargas;MEX;MF;Atlético Madrid;2005;216;0;0;0;0;0
58;Alexander Sorloth;NOR;FW;Atlético Madrid;1995;1593;10;53;28;0;0
59;Giuliano Simeone;ARG;MF;Atlético Madrid;2002;1908;4;34;13;0;0
60;Taufik Seidu;ESP;MF;Atlético Madrid;2008;27;0;0;0;0;0
61;Matteo Ruggeri;ITA;DF;Atlético Madrid;2002;1368;0;4;2;0;0
62;Giacomo Raspadori;ITA;FW;Atlético Madrid;2000;234;0;7;3;0;0
63;Marc Pubill;ESP;DF;Atlético Madrid;2003;837;0;6;2;0;0
64;Jan Oblak;SVN;GK;Atlético Madrid;1993;2340;0;0;0;0;0
65;Juan Musso;ARG;GK;Atlético Madrid;1994;360;0;0;0;0;0
66;Javi Morcillo;ESP;MF;Atlético Madrid;2006;27;0;0;0;0;0
67;Jano Monserrate;ESP;MF;Atlético Madrid;2006;18;0;0;0;0;0
68;Nahuel Molina;ARG;DF;Atlético Madrid;1998;1134;2;11;3;0;0
69;Rodrigo Mendoza;ESP;MF;Atlético Madrid;2005;216;0;3;0;0;0
70;José María Giménez;URU;DF;Atlético Madrid;1995;1161;0;13;3;0;0
71;Ademola Lookman;NGA;FW,MF;Atlético Madrid;1997;333;2;13;3;0;0
72;Marcos Llorente;ESP;DF;Atlético Madrid;1995;1863;0;16;6;0;0
73;Clément Lenglet;FRA;DF;Atlético Madrid;1995;990;0;3;0;0;0
74;Robin Le Normand;ESP;DF;Atlético Madrid;1996;1422;1;3;1;0;0
75;Koke;ESP;MF;Atlético Madrid;1992;1773;2;11;4;0;0
76;Dávid Hancko;SVK;DF;Atlético Madrid;1997;2115;0;19;5;0;0
77;Antoine Griezmann;FRA;FW;Atlético Madrid;1991;1044;6;36;19;0;0
78;Nicolás González;ARG;MF,DF;Atlético Madrid;1998;1332;3;40;19;0;0
79;Conor Gallagher;ENG;MF;Atlético Madrid;2000;675;2;13;5;0;0
80;Javi Galán;ESP;DF;Atlético Madrid;1994;135;0;0;0;0;0
81;Julio Diaz;ESP;DF;Atlético Madrid;2005;90;0;1;0;0;0
82;Johnny Cardoso;USA;MF;Atlético Madrid;2001;765;0;2;0;0;0
83;Pablo Barrios;ESP;MF;Atlético Madrid;2003;1575;1;21;6;0;0
84;Alex Baena;ESP;MF,FW;Atlético Madrid;2001;1134;2;22;6;0;0
85;Julián Álvarez;ARG;FW;Atlético Madrid;2000;1899;8;54;26;2;3
86;Thiago Almada;ARG;MF;Atlético Madrid;2001;999;3;17;10;0;0
87;Lamine Yamal;ESP;MF,FW;Barcelona;2007;2124;14;106;34;2;3
88;Ferrán Torres;ESP;FW;Barcelona;2000;1602;12;60;31;0;0
89;Jofre Torrents;ESP;DF;Barcelona;2007;54;0;0;0;0;0
90;Wojciech Szczęsny;POL;GK;Barcelona;1990;540;0;0;0;0;0
91;Marcus Rashford;ENG;MF,FW;Barcelona;1997;1413;5;67;24;0;0
92;Raphinha;BRA;MF,FW;Barcelona;1996;1287;11;58;19;3;3
93;Pedri;ESP;MF;Barcelona;2002;1539;2;18;9;0;0
94;Dani Olmo;ESP;MF,FW;Barcelona;1998;1593;7;60;20;0;0
95;Gerard Martín;ESP;DF;Barcelona;2002;1530;0;5;2;0;0
96;Tomas Marques;ESP;MF;Barcelona;2006;9;0;0;0;0;0
97;Fermin López;ESP;MF;Barcelona;2003;1368;5;51;18;0;0
98;Robert Lewandowski;POL;FW;Barcelona;1988;1206;12;55;26;1;3
99;Jules Koundé;FRA;DF;Barcelona;1998;1935;1;12;3;0;0
100;Frenkie de Jong;NED;MF;Barcelona;1997;1494;1;7;2;0;0
101;Gavi;ESP;FW,MF;Barcelona;2004;90;0;0;0;0;0
102;Joan García;ESP;GK;Barcelona;2001;2160;0;0;0;0;0
103;Eric García;ESP;DF,MF;Barcelona;2001;2250;1;23;6;0;0
104;Toni Fernández;ESP;FW;Barcelona;2008;45;0;0;0;0;0
105;Dro Fernández;ESP;MF;Barcelona;2008;90;0;0;0;0;0
106;Xavi Espart;ESP;DF;Barcelona;2007;90;0;0;0;0;0
107;Pau Cubarsí;ESP;DF;Barcelona;2007;2196;1;10;2;0;0
108;Andreas Christensen;DEN;DF;Barcelona;1996;378;0;2;0;0;0
109;Marc Casado;ESP;MF;Barcelona;2003;864;0;9;0;0;0
110;Joao Cancelo;POR;DF;Barcelona;1994;522;1;10;2;0;0
111;Marc Bernal;ESP;MF;Barcelona;2007;531;2;6;2;0;0
112;Roony Bardghji;SWE;MF,FW;Barcelona;2005;396;1;16;10;0;0
113;Alejandro Balde;ESP;DF;Barcelona;2003;1512;0;8;1;0;0
114;Ronald Araújo;URU;DF;Barcelona;1999;864;3;9;5;0;0
115;Bryan Zaragoza;ESP;FW,MF;Celta Vigo;2001;1134;1;26;12;1;1
116;Matías Vecino;URU;MF;Celta Vigo;1991;72;0;2;0;0;0
117;Williot Swedberg;SWE;FW,MF;Celta Vigo;2004;927;4;20;11;0;0
118;Carl Starfelt;SWE;DF;Celta Vigo;1995;1494;0;4;1;0;0
119;Hugo Sotelo;ESP;MF;Celta Vigo;2003;1179;0;2;1;0;0
120;Javi Rueda;ESP;MF;Celta Vigo;2002;981;2;10;3;0;0
121;Miguel Román;ESP;MF;Celta Vigo;2002;1314;1;9;2;0;0
122;Javi Rodríguez;ESP;DF;Celta Vigo;2003;1926;0;9;1;0;0
123;Damián Rodríguez;ESP;MF;Celta Vigo;2003;153;0;3;0;0;0
124;Mihailo Ristić;SRB;MF,DF;Celta Vigo;1995;252;0;1;0;0;0
125;Ionu? Radu;ROU;GK;Celta Vigo;1997;2700;0;0;0;0;0
126;Álvaro Núnez;ESP;MF,DF;Celta Vigo;2000;108;0;2;1;0;0
127;Ilaix Moriba;GUI;MF;Celta Vigo;2003;1908;1;16;4;0;0
128;Óscar Mingueza;ESP;MF,DF;Celta Vigo;1999;1656;1;14;5;0;0
129;Fer López;ESP;MF,FW;Celta Vigo;2004;549;1;7;2;0;0
130;Yoel Lago;ESP;DF;Celta Vigo;2004;333;0;0;0;0;0
131;Ferran Jutgla;ESP;FW,MF;Celta Vigo;1999;1242;7;37;21;0;0
132;Borja Iglesias;ESP;FW;Celta Vigo;1993;1521;11;41;22;3;3
133;Hugo García;ESP;MF;Celta Vigo;2006;9;0;0;0;0;0
134;Manu Fernández;ESP;DF;Celta Vigo;2001;711;0;2;0;0;0
135;Pablo Durán;ESP;FW,MF;Celta Vigo;2001;1107;2;28;10;0;0
136;Carlos Dominguez;ESP;DF;Celta Vigo;2001;612;0;2;1;0;0
137;Sergio Carreira;ESP;MF;Celta Vigo;2000;2043;2;12;5;0;0
138;Fran Beltrán;ESP;MF;Celta Vigo;1999;531;0;6;1;0;0
139;Iago Aspas;ESP;FW,MF;Celta Vigo;1987;819;4;24;11;2;2
140;Andrés Antanón;ESP;MF;Celta Vigo;2007;18;0;0;0;0;0
141;Hugo Álvarez;ESP;FW,MF;Celta Vigo;2003;1008;3;7;4;0;0
142;Marcos Alonso;ESP;DF;Celta Vigo;1990;2151;1;21;3;1;1
143;Joseph Aidoo;GHA;DF;Celta Vigo;1995;549;0;2;0;0;0
144;Jones El-Abdellaoui;MAR;MF,FW;Celta Vigo;2006;639;2;16;4;0;0
145;Gonzalo Villar;ESP;MF;Elche;1998;72;0;0;0;0;0
146;Germán Valera;ESP;MF,DF;Elche;2002;2304;4;23;8;0;0
147;André Silva;POR;FW;Elche;1995;1305;7;39;19;1;1
148;Yago Santiago;ESP;MF;Elche;2003;279;0;2;0;0;0
149;Buba Sangaré;ESP;MF,DF;Elche;2007;198;0;1;0;0;0
150;Álex Sánchez;ESP;FW;Elche;2006;9;0;0;0;0;0
151;Álvaro Rodríguez;URU;FW;Elche;2004;1692;5;58;18;0;0
152;Federico Redondo;ARG;MF;Elche;2003;180;0;1;0;0;0
153;Léo Pétrot;FRA;DF;Elche;1997;1341;0;7;0;0;0
154;Inaki Pena;ESP;GK;Elche;1999;1440;0;0;0;0;0
155;Adria Pedrosa;ESP;DF,MF;Elche;1998;873;1;10;3;0;0
156;Álvaro Núnez;ESP;DF,MF;Elche;2000;1647;0;4;0;0;0
157;Martim Neto;POR;MF;Elche;2003;1179;2;12;4;0;0
158;Tete Morente;ESP;MF;Elche;1996;405;1;5;1;0;0
159;Rafa Mir;ESP;FW,MF;Elche;1997;1647;8;65;34;1;2
160;Rodrigo Mendoza;ESP;MF,FW;Elche;2005;792;1;11;2;0;0
161;Josan;ESP;MF,DF;Elche;1989;486;0;3;1;0;0
162;Jairo Izquierdo;ESP;DF,FW;Elche;1993;27;0;0;0;0;0
163;Ali Houary;MAR;MF;Elche;2005;126;0;2;0;0;0
164;Mourad El Ghezouani;MAR;FW;Elche;1998;54;0;1;0;0;0
165;Héctor Fort;ESP;DF,MF;Elche;2006;324;1;10;4;0;0
166;Aleix Febas;ESP;MF;Elche;1996;2565;2;20;8;0;0
167;John Donald;ESP;DF,MF;Elche;2000;459;1;5;2;0;0
168;Matías Dituro;ARG;GK;Elche;1987;1260;0;0;0;0;0
169;Grady Diangana;COD;MF;Elche;1998;765;1;14;2;0;0
170;Bambo Diaby;SEN;DF;Elche;1997;99;0;0;0;0;0
171;Víctor Chust;ESP;DF;Elche;2000;1791;0;6;2;0;0
172;Lucas Cepeda;CHI;MF;Elche;2002;342;0;9;3;0;0
173;Adam Boayar;MAR;MF;Elche;2005;108;1;5;2;0;0
174;Pedro Bigas;ESP;DF;Elche;1990;1602;0;9;2;0;0
175;Marc Aguado;ESP;MF;Elche;2000;2007;1;2;1;0;0
176;David Affengruber;AUT;DF;Elche;2001;2259;0;8;2;0;0
177;Ramón Terrats;ESP;MF;Espanyol;2000;729;1;9;3;0;0
178;José Salinas;ESP;DF;Espanyol;2000;243;0;0;0;0;0
179;Rubén;ESP;DF;Espanyol;2001;504;0;4;0;0;0
180;Carlos Romero;ESP;DF;Espanyol;2001;2484;5;29;8;0;0
181;Clemens Riedel;GER;DF;Espanyol;2003;1206;0;3;1;0;0
182;Javi Puado;ESP;MF,FW;Espanyol;1998;675;2;15;9;1;2
183;Charles Pickel;COD;MF;Espanyol;1997;549;1;8;3;0;0
184;Cyril Ngonge;BEL;MF;Espanyol;2000;288;0;8;2;0;0
185;Pere Milla;ESP;MF,FW;Espanyol;1992;1629;6;53;19;0;0
186;Pol Lozano;ESP;MF;Espanyol;1999;1881;1;15;4;0;0
187;Luca Koleosho;ITA;MF;Espanyol;2004;63;0;1;0;0;0
188;Kiké;ESP;FW;Espanyol;1989;1368;6;47;21;1;1
189;Jofre;ESP;MF;Espanyol;2001;801;1;20;5;0;0
190;Omar El Hilali;MAR;DF;Espanyol;2003;2187;0;1;0;0;0
191;Urko González;ESP;MF;Espanyol;2001;1998;0;15;1;0;0
192;Roberto Férnandez;ESP;FW;Espanyol;2002;1908;6;48;20;1;1
193;Edu Expósito;ESP;MF;Espanyol;1996;1899;1;32;9;0;0
194;Tyrhys Dolan;ENG;MF;Espanyol;2001;1980;1;29;9;0;0
195;Marko Dmitrović;SRB;GK;Espanyol;1992;2700;0;0;0;0;0
196;Fernando Calero;ESP;DF;Espanyol;1995;1593;0;9;1;0;0
197;Leandro Cabrera;URU;DF;Espanyol;1991;2610;3;32;9;0;0
198;Antoniu;ESP;MF;Espanyol;2002;117;0;3;0;0;0
199;Miguel Ángel Rubio;ESP;DF;Espanyol;1998;207;1;2;1;0;0
200;Luis Vázquez;ARG;FW;Getafe;2001;774;3;14;7;0;0
201;Christantus Uche;NGA;FW;Getafe;2003;270;1;6;1;0;0
202;David Soria;ESP;GK;Getafe;1993;2700;0;0;0;0;0
203;Hugo Solozabal;ESP;MF;Getafe;2003;9;0;0;0;0;0
204;Alex Sola;ESP;DF,FW;Getafe;1999;9;0;0;0;0;0
205;Martin Satriano;URU;FW,MF;Getafe;2001;972;4;20;11;0;0
206;Álex Sancris;ESP;MF,FW;Getafe;1997;630;0;11;4;0;0
207;Zaid Romero;ARG;DF;Getafe;1999;900;0;6;0;0;0
208;Diego Rico;ESP;DF;Getafe;1993;1701;0;11;1;0;0
209;Joselu Pérez;ESP;DF;Getafe;2004;18;0;1;0;0;0
210;Allan Nyom;CMR;DF;Getafe;1988;288;0;3;1;0;0
211;Yvan Neyou;CMR;MF;Getafe;1997;63;0;0;0;0;0
212;Javier Munoz;ESP;MF,FW;Getafe;1995;486;0;12;6;0;0
213;Jorge Montes;ESP;DF;Getafe;2004;27;0;0;0;0;0
214;Luis Milla;ESP;MF;Getafe;1994;2565;0;19;2;0;0
215;Alejandro Mestanza;ESP;MF;Getafe;2004;72;0;1;0;0;0
216;Borja Mayoral;ESP;FW;Getafe;1997;1044;4;14;7;0;1
217;Mario Martín;ESP;MF,FW;Getafe;2004;1629;2;22;5;0;0
218;Adrián Liso;ESP;FW,MF;Getafe;2005;1503;3;25;10;0;0
219;Abu Kamara;ENG;MF;Getafe;2003;198;0;3;1;0;0
220;Juanmi;ESP;FW,MF;Getafe;1993;180;1;2;1;0;0
221;Iglesias;ESP;DF,MF;Getafe;1998;2466;1;21;4;0;0
222;Kiko Femenía;ESP;DF,MF;Getafe;1991;1755;1;8;3;0;0
223;Domingos Duarte;POR;DF;Getafe;1995;2313;1;12;4;0;0
224;Djené;TOG;DF,MF;Getafe;1991;2133;0;4;0;0;0
225;Davinchi;ESP;DF;Getafe;2007;432;0;3;1;0;0
226;Coba da Costa;ESP;MF;Getafe;2002;351;0;5;1;0;0
227;Sebastián Boselli;URU;DF;Getafe;2003;225;0;2;1;0;0
228;Veljko Birmančević;SRB;FW,MF;Getafe;1998;72;0;2;1;0;0
229;Ismael Bekhoucha;MAR;DF;Getafe;2004;126;0;1;0;0;0
230;Mauro Arambarri;URU;MF;Getafe;1995;2628;6;50;17;2;2
231;Abdel Abqar;MAR;DF;Getafe;1999;999;0;7;1;0;0
232;Axel Witsel;BEL;MF;Girona;1989;1908;1;19;5;0;0
233;Vladyslav Vanat;UKR;FW;Girona;2002;1944;9;27;18;3;3
234;Viktor Tsyhankov;UKR;MF;Girona;1997;1917;5;34;15;0;0
235;Marc-André ter Stegen;GER;GK;Girona;1992;180;0;0;0;0;0
236;Cristhian Stuani;URU;FW;Girona;1986;225;3;8;6;3;4
237;Jhon Solis;COL;MF;Girona;2004;378;0;3;2;0;0
238;Abel Ruiz;ESP;FW;Girona;2000;162;0;5;1;0;0
239;Joel Roca;ESP;MF;Girona;2005;1044;2;34;11;0;0
240;Hugo Rincón;ESP;DF;Girona;2003;1629;1;7;2;0;0
241;Vitor Reis;BRA;DF;Girona;2006;2421;1;13;2;0;0
242;Portu;ESP;FW,MF;Girona;1992;477;0;9;5;0;0
243;Azzedine Ounahi;MAR;MF;Girona;2000;1116;4;35;12;0;0
244;Álex Moreno;ESP;DF;Girona;1993;1962;0;16;4;0;0
245;Bojan Miovski;MKD;FW;Girona;1999;45;0;0;0;0;0
246;Arnau Martinez;ESP;DF,MF;Girona;2003;2016;1;12;1;0;0
247;Iván Martín;ESP;MF;Girona;1999;2007;0;10;4;0;0
248;David López;ESP;DF;Girona;1989;207;0;1;1;0;0
249;Thomas Lemar;FRA;MF;Girona;1995;999;2;15;7;0;0
250;Ladislav Krejčí;CZE;DF;Girona;1999;180;0;1;0;0;0
251;Vladyslav Krapyvtsov;UKR;GK;Girona;2005;135;0;0;0;0;0
252;Lancinet Kourouma;GUI;FW;Girona;2004;45;0;0;0;0;0
253;Yangel Herrera;VEN;MF;Girona;1998;108;0;1;0;0;0
254;Bryan Gil;ESP;MF;Girona;2001;1350;0;20;5;0;0
255;Paulo Gazzaniga;ARG;GK;Girona;1992;2385;0;0;0;0;0
256;Alejandro Francés;ESP;DF;Girona;2002;639;0;7;4;0;0
257;Claudio Echeverri;ARG;MF;Girona;2006;270;1;8;3;0;0
258;Dawda Camara;MTN;FW;Girona;2002;72;0;2;1;0;0
259;Daley Blind;NED;DF;Girona;1990;2376;0;3;1;0;0
260;Fran Beltrán;ESP;MF;Girona;1999;684;1;6;2;0;0
261;Donny van de Beek;NED;MF;Girona;1997;45;0;2;1;0;0
262;Yaser Asprilla;COL;FW,MF;Girona;2003;612;0;15;5;0;0
263;Juan Arango;VEN;MF;Girona;2006;18;0;0;0;0;0
264;Unai Vencedor Paris;ESP;MF;Levante;2000;810;0;0;0;0;0
265;Kareem Tunde;ESP;MF;Levante;2005;855;0;12;2;0;0
266;Jeremy Toljan;GER;DF;Levante;1994;2511;1;9;1;0;0
267;Manu Sánchez;ESP;DF;Levante;2000;2259;1;10;3;0;0
268;Mathew Ryan;AUS;GK;Levante;1992;2520;0;2;0;0;0
269;Iván Romero;ESP;FW,MF;Levante;2001;1863;5;50;14;0;0
270;Oriol Rey;ESP;MF;Levante;1998;1188;0;6;1;0;0
271;Ugo Raghouber;FRA;MF;Levante;2003;459;0;1;0;0;0
272;Nacho Pérez;ESP;DF;Levante;2008;81;0;0;0;0;0
273;Diego Pampín;ESP;DF;Levante;2000;369;0;3;0;0;0
274;Olasagasti;ESP;MF;Levante;2000;1071;1;18;6;0;0
275;Matias Moreno;ARG;DF;Levante;2003;1530;0;7;0;0;0
276;Alan Matturro;URU;DF;Levante;2004;837;1;8;1;0;0
277;Pablo Martínez;ESP;MF;Levante;1998;1251;1;23;4;0;0
278;José Luis Morales;ESP;MF;Levante;1987;342;1;9;4;1;1
279;Sergio Lozano;ESP;MF;Levante;1999;9;0;0;0;0;0
280;Iker Losada;ESP;MF;Levante;2001;684;3;13;4;0;0
281;Adrián de la Fuente;ESP;DF;Levante;1999;2097;2;27;5;1;1
282;Goduine Koyalipou;CTA;FW;Levante;2000;243;1;10;4;0;0
283;Víctor García;ESP;MF,FW;Levante;1997;765;0;13;4;0;0
284;Karl Etta Eyong;CMR;FW;Levante;2003;1332;5;34;14;0;1
285;Carlos Espí;ESP;FW;Levante;2005;657;7;24;15;0;0
286;Unai Elgezabal;ESP;DF,MF;Levante;1993;954;1;3;1;0;0
287;Pablo Cunat;ESP;GK;Levante;2002;180;0;0;0;0;0
288;Paco Cortés;ESP;MF,FW;Levante;2007;414;0;11;4;0;0
289;Jorge Cabello;ESP;DF;Levante;2004;360;0;0;0;0;0
290;Brugui;ESP;MF,FW;Levante;1996;900;0;18;5;0;0
291;Kervin Arriaga;HON;MF;Levante;1998;1152;1;9;3;0;0
292;Carlos Álvarez;ESP;MF;Levante;2003;1782;3;27;10;0;0
293;Tay Abed;ISR;MF;Levante;2004;36;0;0;0;0;0
294;Jan Virgili;ESP;MF,FW;Mallorca;2006;1467;0;26;11;0;0
295;Martin Valjent;SVK;DF;Mallorca;1995;2700;0;14;7;0;0
296;Pablo Torre;ESP;MF,FW;Mallorca;2003;1044;3;12;7;0;0
297;Antonio Sánchez;ESP;MF,DF;Mallorca;1997;972;0;6;3;0;0
298;Jan Salas;ESP;MF;Mallorca;2005;18;0;0;0;0;0
299;Leo Román;ESP;GK;Mallorca;2000;2250;0;0;0;0;0
300;Dani Rodríguez;ESP;FW,MF;Mallorca;1988;72;0;1;0;0;0
301;Antonio Raillo;ESP;DF;Mallorca;1991;2034;0;12;1;0;0
302;Abdón Prats;ESP;FW;Mallorca;1992;90;0;4;1;0;0
303;Vedat Muriqi;KVX;FW;Mallorca;1994;2412;19;88;40;5;7
304;Manu Morlanes;ESP;MF;Mallorca;1999;1197;2;8;3;0;0
305;Mateu Morey;ESP;DF,MF;Mallorca;2000;630;1;4;2;0;0
306;Johan Mojica;COL;DF;Mallorca;1992;2223;0;14;2;0;0
307;Omar Mascarell;EQG;MF;Mallorca;1993;1665;1;3;2;0;0
308;Pablo Maffeo;ESP;DF;Mallorca;1997;2052;1;5;1;0;0
309;Zito Luvumbo;ANG;MF,FW;Mallorca;2002;216;0;3;3;0;0
310;David López;ESP;DF;Mallorca;2003;477;0;3;0;0;0
311;Javier Llabrés;ESP;MF;Mallorca;2002;171;0;4;1;0;0
312;Toni Lato;ESP;DF,MF;Mallorca;1997;468;0;0;0;0;0
313;Marash Kumbulla;ALB;DF;Mallorca;2000;423;0;3;0;0;0
314;Justin-Noël Kalumba;FRA;FW;Mallorca;2004;36;0;0;0;0;0
315;Mateo Joseph;ESP;MF,FW;Mallorca;2003;1701;2;33;14;0;0
316;Marc Domenech;ESP;MF;Mallorca;2006;216;0;3;0;0;0
317;Sergi Darder;ESP;MF;Mallorca;1993;2007;1;30;9;0;0
318;Samu Costa;POR;MF;Mallorca;2000;2115;5;25;11;0;0
319;Lucas Bergström;FIN;GK;Mallorca;2002;450;0;0;0;0;0
320;Takuma Asano;JPN;MF,FW;Mallorca;1994;486;1;9;2;0;0
321;Lucas Torró;ESP;MF;Osasuna;1994;1917;0;19;5;0;0
322;Valentin Rosier;FRA;DF,MF;Osasuna;1996;1836;1;11;3;0;0
323;Raúl;ESP;FW;Osasuna;2000;801;5;27;16;0;0
324;Asier Osambela;ESP;DF;Osasuna;2004;297;1;3;1;0;0
325;Aimar Oroz;ESP;MF,FW;Osasuna;2001;1701;0;27;4;0;0
326;Víctor Munoz;ESP;MF,FW;Osasuna;2003;2295;5;70;27;0;0
327;Iker Munoz;ESP;MF;Osasuna;2002;675;0;7;3;0;0
328;Raúl Moro;ESP;MF;Osasuna;2002;342;0;4;0;0;0
329;Jon Moncayola;ESP;MF;Osasuna;1998;2349;0;17;3;0;0
330;Sergio Herrera;ESP;GK;Osasuna;1993;2700;0;0;0;0;0
331;Jorge Herrando;ESP;DF;Osasuna;2001;1404;0;3;0;0;0
332;Moi Gómez;ESP;MF;Osasuna;1994;981;0;11;2;0;0
333;Rubén García;ESP;MF,FW;Osasuna;1993;1701;2;22;7;0;0
334;Javi Galán;ESP;DF;Osasuna;1994;1143;0;4;1;0;0
335;Juan Cruz Armada;ESP;DF;Osasuna;1992;603;0;1;0;0;0
336;Catena;ESP;DF;Osasuna;1994;2439;2;14;2;0;0
337;Ante Budimir;CRO;FW;Osasuna;1991;2277;15;77;30;5;6
338;Abel Bretones;ESP;MF,DF;Osasuna;2000;1431;1;11;3;0;0
339;Enzo Boyomo;CMR;DF;Osasuna;2001;1908;1;6;2;0;0
340;Iker Benito;ESP;MF;Osasuna;2002;153;1;2;1;0;0
341;Sheraldo Becker;SUR;FW,MF;Osasuna;1995;162;0;3;0;0;0
342;Kike Barja;ESP;MF;Osasuna;1997;324;1;4;2;0;0
343;Inigo Arguibide;ESP;DF;Osasuna;2005;189;0;0;0;0;0
344;Federico Vinas;URU;FW,MF;Oviedo;1998;1845;7;42;19;2;2
345;Nacho Vidal;ESP;DF;Oviedo;1995;1665;0;9;3;0;0
346;Kwasi Sibo;GHA;MF;Oviedo;1998;1368;0;8;2;0;0
347;Borja Sánchez Laborde;ESP;MF;Oviedo;1996;18;0;0;0;0;0
348;Salomón Rondón;VEN;FW;Oviedo;1989;1035;2;24;5;0;1
349;Alberto Reina;ESP;MF;Oviedo;1997;1782;3;16;7;0;0
350;Oier Luengo;ESP;DF;Oviedo;1997;225;0;1;0;0;0
351;Javi López;ESP;DF;Oviedo;2002;1260;0;5;0;0;0
352;Luka Ilić;SRB;MF,FW;Oviedo;1999;711;1;9;5;0;0
353;Haissem Hassan;EGY;MF,FW;Oviedo;2002;1611;0;30;7;0;0
354;Álex Forés;ESP;FW;Oviedo;2001;297;0;8;2;0;0
355;Nicolas Fonseca;URU;MF;Oviedo;1998;603;0;6;1;0;0
356;Thiago Fernández;ARG;MF;Oviedo;2004;396;0;7;3;0;0
357;Omar Falah;ESP;DF;Oviedo;2003;18;0;0;0;0;0
358;Marco Esteban;ESP;DF;Oviedo;2006;45;0;0;0;0;0
359;Aarón Escandell;ESP;GK;Oviedo;1995;2700;0;0;0;0;0
360;Ovie Ejaria;ENG;MF;Oviedo;1997;180;0;3;1;0;0
361;Leander Dendoncker;BEL;MF;Oviedo;1995;1332;1;9;4;0;0
362;David Costas;ESP;DF;Oviedo;1995;1611;1;2;1;0;0
363;Santiago Colombatto;ARG;MF;Oviedo;1997;1665;0;12;2;0;0
364;Ilyas Chaira;MAR;MF;Oviedo;2001;1845;4;56;24;0;0
365;Santi Cazorla;ESP;MF;Oviedo;1984;639;0;7;1;0;0
366;David Carmo;ANG;DF;Oviedo;1999;1719;1;10;3;0;0
367;Dani Calvo;ESP;DF;Oviedo;1994;1071;0;1;0;0;0
368;Josip Brekalo;CRO;MF,FW;Oviedo;1998;486;0;9;3;0;0
369;Thiago Borbas;URU;FW;Oviedo;2002;81;0;3;1;0;0
370;Rahim Bonkano;NIG;DF;Oviedo;2002;1449;0;2;0;0;0
371;Eric Bailly;CIV;DF;Oviedo;1994;864;1;4;1;0;0
372;Lucas Ahijado;ESP;DF;Oviedo;1995;972;0;8;2;0;0
373;Pablo Agudín;ESP;MF;Oviedo;2007;81;0;2;0;0;0
374;Jozhua Vertrouwd;NED;DF;Rayo Vallecano;2004;279;0;1;0;0;0
375;Óscar Valentín;ESP;MF;Rayo Vallecano;1994;1692;1;13;4;0;0
376;Óscar Trejo;ARG;FW,MF;Rayo Vallecano;1988;81;0;1;1;0;0
377;Andrei Ratiu;ROU;DF;Rayo Vallecano;1998;2313;0;26;8;0;0
378;Francisco Perez;ESP;MF,FW;Rayo Vallecano;2002;1098;2;15;8;0;0
379;Isaac Palazón Camacho;ESP;MF,FW;Rayo Vallecano;1994;2088;3;42;12;2;3
380;Randy Nteka;ANG;FW,MF;Rayo Vallecano;1997;126;1;5;1;0;0
381;Nobel Mendy;SEN;DF;Rayo Vallecano;2004;1413;2;11;3;0;0
382;Carlos Martín;ESP;MF,FW;Rayo Vallecano;2002;306;0;4;1;0;0
383;Unai López;ESP;MF;Rayo Vallecano;1995;1305;0;19;4;0;0
384;Florian Lejeune;FRA;DF;Rayo Vallecano;1991;2691;0;42;12;0;0
385;Gerard Gumbau;ESP;MF;Rayo Vallecano;1994;765;0;9;5;0;0
386;Álvaro García;ESP;MF,FW;Rayo Vallecano;1992;1980;4;47;19;0;0
387;Jorge de Frutos;ESP;FW,MF;Rayo Vallecano;1997;1998;10;49;22;1;1
388;Pelayo Fernandez;ESP;DF;Rayo Vallecano;2003;45;0;1;0;0;0
389;Luiz Felipe;ITA;DF;Rayo Vallecano;1997;468;0;3;1;0;0
390;Alfonso Espino;URU;DF,MF;Rayo Vallecano;1992;1062;2;15;7;0;0
391;Pedro Díaz;ESP;MF,FW;Rayo Vallecano;1998;1413;0;34;5;0;0
392;Pathé Ciss;SEN;MF,DF;Rayo Vallecano;1994;1440;2;15;7;0;0
393;Pep Chavarría;ESP;DF;Rayo Vallecano;1998;2196;1;17;3;0;0
394;Sergio Camello;ESP;FW;Rayo Vallecano;2001;477;0;9;4;0;0
395;Samu Becerra;ESP;MF;Rayo Vallecano;2006;9;0;0;0;0;0
396;Augusto Batalla;ARG;GK;Rayo Vallecano;1996;2700;0;0;0;0;0
397;Iván Balliu;ALB;DF;Rayo Vallecano;1992;333;0;2;0;0;0
398;Alexandre Alemao;BRA;FW;Rayo Vallecano;1998;792;1;14;6;0;0
399;Ilias Akhomach;MAR;MF;Rayo Vallecano;2004;522;0;14;4;0;0
400;Álvaro Vallés;ESP;GK;Real Betis;1997;1890;0;0;0;0;0
401;Aitor Ruibal;ESP;DF,MF;Real Betis;1996;1602;4;30;12;0;0
402;Ricardo Rodríguez;SUI;DF;Real Betis;1992;1206;0;2;0;0;0
403;Marc Roca;ESP;MF;Real Betis;1996;1674;0;12;4;0;0
404;Rodrigo Riquelme;ESP;MF;Real Betis;2000;648;0;19;5;0;0
405;Ángel Ortíz;ESP;DF;Real Betis;2004;585;0;1;0;0;0
406;Natan;BRA;DF;Real Betis;2001;2250;0;8;1;0;0
407;Pau López;ESP;GK;Real Betis;1994;810;0;0;0;0;0
408;Giovani Lo Celso;ARG;MF;Real Betis;1996;1098;2;27;10;0;0
409;Diego Llorente;ESP;DF;Real Betis;1993;720;1;3;2;0;0
410;Isco;ESP;FW,MF;Real Betis;1992;27;0;2;0;0;0
411;Daniel Guerrero;ESP;MF;Real Betis;2005;0;0;0;0;0;0
412;Valentín Gómez;ARG;DF;Real Betis;2003;1422;1;10;4;0;0
413;Pablo Garcia;ESP;MF;Real Betis;2006;387;0;13;4;0;0
414;Pablo Fornals;ESP;MF;Real Betis;1996;2340;7;37;16;0;0
415;Junior Firpo;DOM;DF;Real Betis;1996;675;0;5;0;0;0
416;Álvaro Fidalgo;MEX;MF;Real Betis;1997;441;1;3;2;0;0
417;Abde Ezzalzouli;MAR;MF,FW;Real Betis;2001;1557;5;56;16;0;0
418;Nelson Deossa;COL;MF;Real Betis;2000;603;0;16;0;0;0
419;Cucho;COL;FW;Real Betis;1999;2061;8;72;18;1;1
420;Iván Corralejo;ESP;MF;Real Betis;2007;18;0;0;0;0;0
421;Héctor Bellerín;ESP;DF;Real Betis;1995;1287;1;4;4;0;0
422;Marc Bartra;ESP;DF;Real Betis;1991;1854;1;15;5;0;0
423;Cédric Bakambu;COD;FW;Real Betis;1991;432;3;20;9;0;0
424;Ezequiel Ávila;ARG;FW;Real Betis;1994;351;1;8;2;1;1
425;Antony;BRA;MF,FW;Real Betis;2000;1926;7;68;28;0;0
426;Sofyan Amrabat;MAR;MF;Real Betis;1996;783;0;5;1;0;0
427;Sergi Altimira;ESP;MF;Real Betis;2001;1035;1;5;2;0;0
428;Daniel Yánez;ESP;MF;Real Madrid;2007;36;0;0;0;0;0
429;Federico Valverde;URU;MF,DF;Real Madrid;1998;2286;4;43;16;0;0
430;Victor Valdepenas;ESP;DF;Real Madrid;2006;81;0;0;0;0;0
431;Aurélien Tchouaméni;FRA;MF;Real Madrid;2000;2232;1;36;6;0;0
432;Antonio Rüdiger;GER;DF;Real Madrid;1993;1080;1;11;1;0;0
433;Rodrygo;BRA;MF,FW;Real Madrid;2001;684;1;27;11;0;0
434;Thiago Pinar;ESP;MF;Real Madrid;2007;288;0;3;1;0;0
435;César Palacios;ESP;MF;Real Madrid;2004;54;0;1;0;0;0
436;Éder Militao;BRA;DF;Real Madrid;1998;1035;2;19;9;0;0
437;Ferland Mendy;FRA;DF;Real Madrid;1995;90;0;0;0;0;0
438;Kylian Mbappé;FRA;FW;Real Madrid;1998;2133;23;117;54;8;9
439;Franco Mastantuono;ARG;MF,FW;Real Madrid;2007;783;1;24;5;0;0
440;Andriy Lunin;UKR;GK;Real Madrid;1999;180;0;0;0;0;0
441;Vinicius Júnior;BRA;FW,MF;Real Madrid;2000;2205;11;81;35;4;5
442;David Jiménez;ESP;DF;Real Madrid;2004;72;0;1;1;0;0
443;Dean Huijsen;ESP;DF;Real Madrid;2005;1647;2;17;4;0;0
444;Arda Güler;TUR;MF;Real Madrid;2005;1917;4;47;19;0;0
445;Gonzalo García;ESP;FW;Real Madrid;2004;675;4;14;9;0;0
446;Fran Garcia;ESP;DF,MF;Real Madrid;1999;594;1;5;2;0;0
447;Endrick;BRA;FW;Real Madrid;2006;9;0;0;0;0;0
448;Brahim Díaz;MAR;FW,MF;Real Madrid;1999;765;0;8;2;0;0
449;Thibaut Courtois;BEL;GK;Real Madrid;1992;2520;0;0;0;0;0
450;Jorge Cestero;ESP;MF;Real Madrid;2006;9;0;0;0;0;0
451;Dani Ceballos;ESP;MF;Real Madrid;1996;468;0;3;0;0;0
452;Dani Carvajal;ESP;DF;Real Madrid;1992;657;0;4;1;0;0
453;Álvaro Carreras;ESP;DF;Real Madrid;2003;2061;2;8;2;0;0
454;Eduardo Camavinga;FRA;MF;Real Madrid;2002;1215;1;10;2;0;0
455;Jude Bellingham;ENG;MF;Real Madrid;2003;1341;4;36;19;0;0
456;Raúl Asencio;ESP;DF;Real Madrid;2003;1350;2;13;4;0;0
457;Manuel Ángel;ESP;MF;Real Madrid;2004;90;0;2;1;0;0
458;Trent Alexander-Arnold;ENG;DF,MF;Real Madrid;1998;756;0;6;1;0;0
459;David Alaba;AUT;DF;Real Madrid;1992;243;0;3;1;0;0
460;Diego Aguado;ESP;DF;Real Madrid;2007;27;0;0;0;0;0
461;Igor Zubeldia;ESP;DF;Real Sociedad;1997;1899;0;6;1;0;0
462;Arsen Zakharyan;RUS;MF;Real Sociedad;2003;405;0;14;3;0;0
463;Wesley;BRA;MF;Real Sociedad;2005;63;0;0;0;0;0
464;Benat Turrientes;ESP;MF;Real Sociedad;2002;936;0;16;5;0;0
465;Luka Sučić;CRO;FW,MF;Real Sociedad;2002;639;2;16;5;0;0
466;Orri Steinn Óskarsson;ISL;FW;Real Sociedad;2004;315;4;9;6;0;0
467;Carlos Soler;ESP;MF;Real Sociedad;1997;1692;4;27;17;0;0
468;Umar Sadiq;NGA;FW;Real Sociedad;1997;153;0;4;0;0;0
469;Álex Remiro;ESP;GK;Real Sociedad;1995;2700;0;0;0;0;0
470;Mikel Oyarzabal;ESP;FW;Real Sociedad;1997;2268;12;71;31;5;5
471;Álvaro Odriozola;ESP;DF;Real Sociedad;1995;198;1;1;1;0;0
472;Job Ochieng';KEN;FW;Real Sociedad;2003;27;0;0;0;0;0
473;Aihen Munoz;ESP;DF;Real Sociedad;1997;684;0;5;1;0;0
474;Brais Méndez;ESP;MF,FW;Real Sociedad;1997;1494;6;31;15;1;1
475;Jon Martin;ESP;DF;Real Sociedad;2006;1710;1;14;4;0;0
476;Pablo Marín;ESP;MF;Real Sociedad;2003;1125;0;12;4;0;0
477;Arkaitz Mariezkurrena;ESP;FW;Real Sociedad;2005;0;0;0;0;0;0
478;Takefusa Kubo;JPN;MF;Real Sociedad;2001;1179;2;25;12;0;0
479;Jon Karrikaburu;ESP;FW;Real Sociedad;2002;135;0;6;2;0;0
480;Yangel Herrera;VEN;MF;Real Sociedad;1998;306;0;5;1;0;0
481;Gonçalo Guedes;POR;MF;Real Sociedad;1996;1764;8;44;18;0;0
482;Mikel Goti;ESP;MF;Real Sociedad;2002;72;0;3;0;0;0
483;Jon Gorrotxategi;ESP;MF;Real Sociedad;2002;1908;1;11;1;0;0
484;Urko González;ESP;DF,MF;Real Sociedad;2001;9;0;0;0;0;0
485;Sergio Gómez;ESP;DF;Real Sociedad;2000;2151;0;9;0;0;0
486;Aritz Elustondo;ESP;DF;Real Sociedad;1994;414;0;3;2;0;0
487;Daniel Díaz;ESP;FW;Real Sociedad;2006;18;0;0;0;0;0
488;Gorka Carrera;ESP;FW;Real Sociedad;2005;18;0;0;0;0;0
489;Duje Ćaleta-Car;CRO;DF;Real Sociedad;1996;1611;1;10;2;0;0
490;Ander Barrenetxea;ESP;MF,FW;Real Sociedad;2001;1422;3;28;8;0;0
491;Lander Astiazaran;ESP;MF;Real Sociedad;2006;0;0;1;0;0;0
492;Jon Aramburu;VEN;DF;Real Sociedad;2002;2295;1;18;5;0;0
493;Ibai Aguirre;ESP;MF;Real Sociedad;2007;9;0;0;0;0;0
494;Odysseas Vlachodimos;GRE;GK;Sevilla;1994;2340;0;0;0;0;0
495;Ruben Vargas;SUI;MF,FW;Sevilla;1998;1062;3;25;6;1;1
496;Gabriel Suazo;CHI;DF,MF;Sevilla;1997;1584;0;4;2;0;0
497;Djibril Sow;SUI;MF;Sevilla;1997;1773;5;17;8;0;0
498;Juanlu Sánchez;ESP;MF,DF;Sevilla;2003;1737;0;12;1;0;0
499;Alexis Sánchez;CHI;FW,MF;Sevilla;1988;1062;3;20;7;1;1
500;Kike Salas;ESP;DF;Sevilla;2002;1485;1;11;6;0;0
501;Isaac Romero;ESP;FW;Sevilla;2000;1089;4;31;13;0;1
502;Peque;ESP;MF,FW;Sevilla;2002;873;2;14;6;0;0
503;Adria Pedrosa;ESP;DF,MF;Sevilla;1998;9;0;0;0;0;0
504;Orjan Nyland;NOR;GK;Sevilla;1990;360;0;0;0;0;0
505;Tanguy Nianzou;FRA;DF;Sevilla;2002;657;0;9;0;0;0
506;Batista Mendy;FRA;MF;Sevilla;2000;1584;1;17;5;0;0
507;Neal Maupay;FRA;FW;Sevilla;1996;450;1;4;1;0;0
508;Ramón Martínez;ESP;DF;Sevilla;2002;99;0;0;0;0;0
509;Joaquín Martínez Gauna;ESP;MF,DF;Sevilla;2003;873;1;10;4;0;0
510;Marcao;BRA;DF;Sevilla;1996;936;1;10;2;0;0
511;Dodi Lukebakio;BEL;MF;Sevilla;1997;180;1;2;1;0;0
512;Joan Jordán;ESP;MF;Sevilla;1994;27;0;0;0;0;0
513;Adnan Januzaj;BEL;MF,FW;Sevilla;1995;324;0;7;0;0;0
514;Stanis Idumbo;BEL;MF;Sevilla;2005;45;0;1;0;0;0
515;Nemanja Gudelj;SRB;DF,MF;Sevilla;1991;1953;1;20;5;0;0
516;Federico Gattoni;ARG;DF;Sevilla;1999;9;0;0;0;0;0
517;Chidera Ejuke;NGA;MF,FW;Sevilla;1998;693;1;17;2;0;0
518;Castrin;ESP;DF;Sevilla;2003;729;0;6;1;0;0
519;Carmona;ESP;DF,MF;Sevilla;2002;2043;1;17;3;0;0
520;Fábio Cardoso;POR;DF;Sevilla;1994;297;0;0;0;0;0
521;Manu Bueno;ESP;MF;Sevilla;2004;135;0;1;0;0;0
522;César Azpilicueta;ESP;DF;Sevilla;1989;1035;0;1;0;0;0
523;Miguel Ángel Sierra;ESP;FW;Sevilla;2004;63;0;4;1;0;0
524;Alfon;ESP;MF;Sevilla;1999;315;1;11;7;0;0
525;Lucien Agoume;FRA;MF;Sevilla;2002;2061;1;12;2;0;0
526;Akor Adams;NGA;FW;Sevilla;2000;1665;7;53;26;2;2
527;Jesus Vazquez;ESP;DF,MF;Valencia;2003;738;0;7;2;0;0
528;José Luis García Vayá;ESP;MF;Valencia;1998;1701;2;22;3;1;3
529;Filip Ugrinic;SUI;MF;Valencia;1999;1062;0;15;2;0;0
530;César Tárrega;ESP;DF;Valencia;2002;1881;0;7;1;0;0
531;Baptiste Santamaria;FRA;MF;Valencia;1995;756;1;6;2;0;0
532;Umar Sadiq;NGA;FW;Valencia;1997;522;1;13;4;0;0
533;Guido Rodríguez;ARG;MF;Valencia;1994;585;2;8;2;0;0
534;Luis Rioja;ESP;MF;Valencia;1993;2043;2;35;4;0;0
535;Largie Ramazani;BEL;MF,FW;Valencia;2001;792;5;31;12;3;3
536;Dani Raba;ESP;FW;Valencia;1995;261;0;7;1;0;0
537;Unai Núnez;ESP;DF;Valencia;1997;648;0;5;0;0;0
538;José Luis Gaya;ESP;DF;Valencia;1995;1971;1;10;2;0;0
539;Diego López;ESP;MF,FW;Valencia;2002;1332;3;21;5;0;0
540;Ruben Lendinez;ESP;DF;Valencia;2003;0;0;0;0;0;0
541;Javier Guerra;ESP;MF;Valencia;2003;1557;1;18;6;0;0
542;Dimitri Foulquier;FRA;DF;Valencia;1993;1152;0;6;1;0;0
543;Hugo Duro;ESP;FW;Valencia;1999;1620;9;28;12;1;1
544;Stole Dimitrievski;MKD;GK;Valencia;1993;1080;0;0;0;0;0
545;Mouctar Diakhaby;GUI;DF;Valencia;1996;540;1;4;3;0;0
546;Arnaut Danjuma;NED;MF,FW;Valencia;1997;1566;3;35;14;0;1
547;Thierry Correia;POR;DF,MF;Valencia;1999;1260;0;5;1;0;0
548;Copete;ESP;DF;Valencia;1999;1755;0;13;0;0;0
549;Eray Cömert;SUI;DF;Valencia;1998;1017;2;8;3;0;0
550;Lucas Beltrán;ARG;FW;Valencia;2001;1161;1;29;8;0;0
551;Domingos André Ribeiro Almeida;POR;MF;Valencia;2000;999;0;9;3;0;0
552;Julen Agirrezabala;ESP;GK;Valencia;2000;1620;0;0;0;0;0
553;Renato Veiga;POR;DF;Villarreal;2003;1944;0;8;3;0;0
554;Arnau Tenas;ESP;GK;Villarreal;2001;270;0;0;0;0;0
555;Manor Solomon;ISR;MF;Villarreal;1999;153;1;2;1;0;0
556;Yeremi Pino;ESP;MF;Villarreal;2002;162;0;2;1;0;0
557;Ayoze Pérez;ESP;FW;Villarreal;1993;819;2;13;5;0;0
558;Nicolas Pépé;CIV;MF,FW;Villarreal;1995;1935;5;51;19;0;0
559;Alfonso Pedraza;ESP;DF;Villarreal;1996;1386;1;10;3;0;0
560;Thomas Partey;GHA;MF;Villarreal;1993;756;0;8;1;0;0
561;Daniel Parejo;ESP;MF;Villarreal;1989;1053;0;2;0;0;0
562;Tani Oluwaseyi;CAN;FW;Villarreal;2000;648;2;15;7;0;0
563;Pau Navarro;ESP;DF;Villarreal;2005;1530;0;1;1;0;0
564;Santiago Mourino;URU;DF;Villarreal;2002;1944;1;13;3;0;0
565;Gerard Moreno;ESP;FW;Villarreal;1992;945;8;30;13;2;2
566;Alberto Moleiro;ESP;MF;Villarreal;2003;1962;9;40;18;0;0
567;Georges Mikautadze;GEO;FW;Villarreal;2000;1710;9;51;25;0;0
568;Rafa Marín;ESP;DF;Villarreal;2002;1575;1;4;1;0;0
569;Carlos Macia;ESP;MF;Villarreal;2008;81;0;1;0;0;0
570;Hugo López;ESP;MF;Villarreal;2007;54;0;0;0;0;0
571;Luiz Lúcio Reis Júnior;BRA;GK;Villarreal;2001;2430;0;0;0;0;0
572;Pape Gueye;SEN;MF;Villarreal;1999;1683;4;38;10;1;1
573;Alex Freeman;USA;DF;Villarreal;2004;63;0;1;0;0;0
574;Juan Foyth;ARG;DF;Villarreal;1998;936;0;2;0;0;0
575;Karl Etta Eyong;CMR;FW;Villarreal;2003;252;1;7;3;0;0
576;Santi Comesana;ESP;MF;Villarreal;1996;1980;3;22;7;0;0
577;Sergi Cardona;ESP;DF;Villarreal;1999;1557;0;14;3;0;0
578;Tajon Buchanan;CAN;MF;Villarreal;1999;1548;6;23;9;0;0
579;Adria Altimira;ESP;DF,MF;Villarreal;2001;9;0;0;0;0;0
580;Alfon;ESP;FW;Villarreal;1999;81;0;1;0;0;0
581;Ilias Akhomach;MAR;MF;Villarreal;2004;189;0;6;2;0;0
